{
  "POST registeration negative case" : {
    "transaction" : "POST registeration negative case",
    "sampleCount" : 2,
    "errorCount" : 2,
    "errorPct" : 100.0,
    "meanResTime" : 583.5,
    "minResTime" : 466.0,
    "maxResTime" : 701.0,
    "pct1ResTime" : 701.0,
    "pct2ResTime" : 701.0,
    "pct3ResTime" : 701.0,
    "throughput" : 1.7123287671232876,
    "receivedKBytesPerSec" : 1.1680289490582192,
    "sentKBytesPerSec" : 0.387113388270548
  },
  "GET single user positive case" : {
    "transaction" : "GET single user positive case",
    "sampleCount" : 1,
    "errorCount" : 0,
    "errorPct" : 0.0,
    "meanResTime" : 266.0,
    "minResTime" : 266.0,
    "maxResTime" : 266.0,
    "pct1ResTime" : 266.0,
    "pct2ResTime" : 266.0,
    "pct3ResTime" : 266.0,
    "throughput" : 3.7593984962406015,
    "receivedKBytesPerSec" : 3.961319313909774,
    "sentKBytesPerSec" : 0.44422579887218044
  },
  "GET single user negative case" : {
    "transaction" : "GET single user negative case",
    "sampleCount" : 1,
    "errorCount" : 1,
    "errorPct" : 100.0,
    "meanResTime" : 683.0,
    "minResTime" : 683.0,
    "maxResTime" : 683.0,
    "pct1ResTime" : 683.0,
    "pct2ResTime" : 683.0,
    "pct3ResTime" : 683.0,
    "throughput" : 1.4641288433382138,
    "receivedKBytesPerSec" : 3.595980508784773,
    "sentKBytesPerSec" : 0.0
  },
  "POST create user" : {
    "transaction" : "POST create user",
    "sampleCount" : 1,
    "errorCount" : 0,
    "errorPct" : 0.0,
    "meanResTime" : 465.0,
    "minResTime" : 465.0,
    "maxResTime" : 465.0,
    "pct1ResTime" : 465.0,
    "pct2ResTime" : 465.0,
    "pct3ResTime" : 465.0,
    "throughput" : 2.150537634408602,
    "receivedKBytesPerSec" : 1.4763944892473118,
    "sentKBytesPerSec" : 0.4494287634408602
  },
  "POST registeration positive case" : {
    "transaction" : "POST registeration positive case",
    "sampleCount" : 1,
    "errorCount" : 0,
    "errorPct" : 0.0,
    "meanResTime" : 263.0,
    "minResTime" : 263.0,
    "maxResTime" : 263.0,
    "pct1ResTime" : 263.0,
    "pct2ResTime" : 263.0,
    "pct3ResTime" : 263.0,
    "throughput" : 3.802281368821293,
    "receivedKBytesPerSec" : 2.5360919676806084,
    "sentKBytesPerSec" : 0.89487286121673
  },
  "DELETE user" : {
    "transaction" : "DELETE user",
    "sampleCount" : 1,
    "errorCount" : 0,
    "errorPct" : 0.0,
    "meanResTime" : 717.0,
    "minResTime" : 717.0,
    "maxResTime" : 717.0,
    "pct1ResTime" : 717.0,
    "pct2ResTime" : 717.0,
    "pct3ResTime" : 717.0,
    "throughput" : 1.3947001394700138,
    "receivedKBytesPerSec" : 0.8253791841004184,
    "sentKBytesPerSec" : 0.2819364539748954
  },
  "GET  list resources not found negative case" : {
    "transaction" : "GET  list resources not found negative case",
    "sampleCount" : 1,
    "errorCount" : 1,
    "errorPct" : 100.0,
    "meanResTime" : 67.0,
    "minResTime" : 67.0,
    "maxResTime" : 67.0,
    "pct1ResTime" : 67.0,
    "pct2ResTime" : 67.0,
    "pct3ResTime" : 67.0,
    "throughput" : 14.925373134328359,
    "receivedKBytesPerSec" : 10.042560634328357,
    "sentKBytesPerSec" : 1.8073694029850744
  },
  "POST Login positive case" : {
    "transaction" : "POST Login positive case",
    "sampleCount" : 1,
    "errorCount" : 0,
    "errorPct" : 0.0,
    "meanResTime" : 526.0,
    "minResTime" : 526.0,
    "maxResTime" : 526.0,
    "pct1ResTime" : 526.0,
    "pct2ResTime" : 526.0,
    "pct3ResTime" : 526.0,
    "throughput" : 1.9011406844106464,
    "receivedKBytesPerSec" : 1.2550499049429658,
    "sentKBytesPerSec" : 0.44929301330798477
  },
  "POST Login negative case" : {
    "transaction" : "POST Login negative case",
    "sampleCount" : 2,
    "errorCount" : 2,
    "errorPct" : 100.0,
    "meanResTime" : 816.0,
    "minResTime" : 304.0,
    "maxResTime" : 1328.0,
    "pct1ResTime" : 1328.0,
    "pct2ResTime" : 1328.0,
    "pct3ResTime" : 1328.0,
    "throughput" : 1.2239902080783354,
    "receivedKBytesPerSec" : 0.8928912943696451,
    "sentKBytesPerSec" : 0.2534042227662179
  },
  "GET List Users positive case" : {
    "transaction" : "GET List Users positive case",
    "sampleCount" : 1,
    "errorCount" : 0,
    "errorPct" : 0.0,
    "meanResTime" : 1059.0,
    "minResTime" : 1059.0,
    "maxResTime" : 1059.0,
    "pct1ResTime" : 1059.0,
    "pct2ResTime" : 1059.0,
    "pct3ResTime" : 1059.0,
    "throughput" : 0.9442870632672333,
    "receivedKBytesPerSec" : 1.8018915250236072,
    "sentKBytesPerSec" : 0.11619157223796035
  },
  "GET list  singleresource positive case" : {
    "transaction" : "GET list  singleresource positive case",
    "sampleCount" : 1,
    "errorCount" : 0,
    "errorPct" : 0.0,
    "meanResTime" : 74.0,
    "minResTime" : 74.0,
    "maxResTime" : 74.0,
    "pct1ResTime" : 74.0,
    "pct2ResTime" : 74.0,
    "pct3ResTime" : 74.0,
    "throughput" : 13.513513513513514,
    "receivedKBytesPerSec" : 13.249577702702704,
    "sentKBytesPerSec" : 1.6232052364864866
  },
  "Total" : {
    "transaction" : "Total",
    "sampleCount" : 17,
    "errorCount" : 9,
    "errorPct" : 52.941177,
    "meanResTime" : 567.4117647058823,
    "minResTime" : 67.0,
    "maxResTime" : 2259.0,
    "pct1ResTime" : 1514.1999999999994,
    "pct2ResTime" : 2259.0,
    "pct3ResTime" : 2259.0,
    "throughput" : 1.7543859649122808,
    "receivedKBytesPerSec" : 1.8226143253353975,
    "sentKBytesPerSec" : 0.27613841589267285
  },
  "GET list resources positive case" : {
    "transaction" : "GET list resources positive case",
    "sampleCount" : 1,
    "errorCount" : 0,
    "errorPct" : 0.0,
    "meanResTime" : 71.0,
    "minResTime" : 71.0,
    "maxResTime" : 71.0,
    "pct1ResTime" : 71.0,
    "pct2ResTime" : 71.0,
    "pct3ResTime" : 71.0,
    "throughput" : 14.084507042253522,
    "receivedKBytesPerSec" : 20.315250880281692,
    "sentKBytesPerSec" : 1.6642825704225355
  },
  "DELETE user newgative case" : {
    "transaction" : "DELETE user newgative case",
    "sampleCount" : 1,
    "errorCount" : 1,
    "errorPct" : 100.0,
    "meanResTime" : 323.0,
    "minResTime" : 323.0,
    "maxResTime" : 323.0,
    "pct1ResTime" : 323.0,
    "pct2ResTime" : 323.0,
    "pct3ResTime" : 323.0,
    "throughput" : 3.0959752321981426,
    "receivedKBytesPerSec" : 1.83218846749226,
    "sentKBytesPerSec" : 0.6409636222910217
  },
  "GET List Users negative case" : {
    "transaction" : "GET List Users negative case",
    "sampleCount" : 1,
    "errorCount" : 1,
    "errorPct" : 100.0,
    "meanResTime" : 2259.0,
    "minResTime" : 2259.0,
    "maxResTime" : 2259.0,
    "pct1ResTime" : 2259.0,
    "pct2ResTime" : 2259.0,
    "pct3ResTime" : 2259.0,
    "throughput" : 0.4426737494466578,
    "receivedKBytesPerSec" : 1.0859340416113326,
    "sentKBytesPerSec" : 0.0
  },
  "GET single user negative case user not found" : {
    "transaction" : "GET single user negative case user not found",
    "sampleCount" : 1,
    "errorCount" : 1,
    "errorPct" : 100.0,
    "meanResTime" : 74.0,
    "minResTime" : 74.0,
    "maxResTime" : 74.0,
    "pct1ResTime" : 74.0,
    "pct2ResTime" : 74.0,
    "pct3ResTime" : 74.0,
    "throughput" : 13.513513513513514,
    "receivedKBytesPerSec" : 9.105785472972974,
    "sentKBytesPerSec" : 1.610008445945946
  }
}