timeStamp,elapsed,label,responseCode,responseMessage,threadName,dataType,success,failureMessage,bytes,sentBytes,grpThreads,allThreads,URL,Latency,IdleTime,Connect
1600930844724,1059,GET List Users positive case,200,OK,Thread Group 1-1,text,true,,1954,126,1,1,https://reqres.in/api/users?page=2,1057,0,951
1600930845789,2259,GET List Users negative case,Non HTTP response code: java.net.UnknownHostException,Non HTTP response message: No such host is known (reqre),Thread Group 1-1,text,false,,2512,0,1,1,https://reqre/api/us,0,0,2258
1600930848055,266,GET single user positive case,200,OK,Thread Group 1-1,text,true,,1079,121,1,1,https://reqres.in/api/users/2,266,0,196
1600930848323,683,GET single user negative case,Non HTTP response code: java.net.UnknownHostException,Non HTTP response message: No such host is known (reqrd.in),Thread Group 1-1,text,false,,2515,0,1,1,https://reqrd.in/api/users/2,0,0,683
1600930849009,74,GET single user negative case user not found,404,Not Found,Thread Group 1-1,text,false,,690,122,1,1,https://reqres.in/api/users/23,74,0,0
1600930849087,71,GET list resources positive case,200,OK,Thread Group 1-1,text,true,,1477,121,1,1,https://reqres.in/api/unknown,70,0,0
1600930849160,74,GET list  singleresource positive case,200,OK,Thread Group 1-1,text,true,,1004,123,1,1,https://reqres.in/api/unknown/2,73,0,0
1600930849235,67,GET  list resources not found negative case,404,Not Found,Thread Group 1-1,text,false,,689,124,1,1,https://reqres.in/api/unknown/23,67,0,0
1600930849305,465,POST create user,201,Created,Thread Group 1-1,text,true,,703,214,1,1,https://reqres.in/api/users,465,0,0
1600930849772,263,POST registeration positive case,200,OK,Thread Group 1-1,text,true,,683,241,1,1,https://reqres.in/api/register,263,0,0
1600930850037,466,POST registeration negative case,400,Bad Request,Thread Group 1-1,text,false,,713,243,1,1,https://reqres.in/api/register,465,0,0
1600930850504,701,POST registeration negative case,400,Bad Request,Thread Group 1-1,text,false,,684,220,1,1,https://reqres.in/api/register,701,0,182
1600930851207,526,POST Login positive case,200,OK,Thread Group 1-1,text,true,,676,242,1,1,https://reqres.in/api/login,526,0,0
1600930851735,304,POST Login negative case,400,Bad Request,Thread Group 1-1,text,false,,684,211,1,1,https://reqres.in/api/login,304,0,0
1600930852041,1328,POST Login negative case,400,Bad Request,Thread Group 1-1,text,false,,810,213,1,1,https://reqres.in/api/login,1326,0,0
1600930853372,717,DELETE user,204,No Content,Thread Group 1-1,,true,,606,207,1,1,https://reqres.in/api/users/2,0,0,172
1600930854091,323,DELETE user newgative case,204,No Content,Thread Group 1-1,,false,"Test failed: code expected not to equal /

****** received  : 204[[[]]]

****** comparison: 204[[[]]]

/",606,212,1,1,https://reqres.in/api/unknown/5648,0,0,0
